date,sunrise_aware,sunset_aware,sunrise_naive,sunset_naive,noon_naive,dst_active
2025-01-01,2025-01-01T08:37:56.825656+01:00,2025-01-01T16:35:21.480696+01:00,2025-01-01 08:37:56.825656,2025-01-01 16:35:21.480696,2025-01-01 12:36:19,False
2025-01-02,2025-01-02T08:37:48.675225+01:00,2025-01-02T16:36:26.514750+01:00,2025-01-02 08:37:48.675225,2025-01-02 16:36:26.514750,2025-01-02 12:36:47,False
2025-01-03,2025-01-03T08:37:37.205239+01:00,2025-01-03T16:37:34.150550+01:00,2025-01-03 08:37:37.205239,2025-01-03 16:37:34.150550,2025-01-03 12:37:15,False
2025-01-04,2025-01-04T08:37:22.432622+01:00,2025-01-04T16:38:44.312211+01:00,2025-01-04 08:37:22.432622,2025-01-04 16:38:44.312211,2025-01-04 12:37:42,False
2025-01-05,2025-01-05T08:37:04.377751+01:00,2025-01-05T16:39:56.921743+01:00,2025-01-05 08:37:04.377751,2025-01-05 16:39:56.921743,2025-01-05 12:38:09,False
2025-01-06,2025-01-06T08:36:43.064300+01:00,2025-01-06T16:41:11.899308+01:00,2025-01-06 08:36:43.064300,2025-01-06 16:41:11.899308,2025-01-06 12:38:36,False
2025-01-07,2025-01-07T08:36:18.519072+01:00,2025-01-07T16:42:29.163464+01:00,2025-01-07 08:36:18.519072,2025-01-07 16:42:29.163464,2025-01-07 12:39:02,False
2025-01-08,2025-01-08T08:35:50.771824+01:00,2025-01-08T16:43:48.631422+01:00,2025-01-08 08:35:50.771824,2025-01-08 16:43:48.631422,2025-01-08 12:39:28,False
2025-01-09,2025-01-09T08:35:19.855091+01:00,2025-01-09T16:45:10.219301+01:00,2025-01-09 08:35:19.855091,2025-01-09 16:45:10.219301,2025-01-09 12:39:53,False
2025-01-10,2025-01-10T08:34:45.804008+01:00,2025-01-10T16:46:33.842381+01:00,2025-01-10 08:34:45.804008,2025-01-10 16:46:33.842381,2025-01-10 12:40:17,False
2025-01-11,2025-01-11T08:34:08.656126+01:00,2025-01-11T16:47:59.415347+01:00,2025-01-11 08:34:08.656126,2025-01-11 16:47:59.415347,2025-01-11 12:40:41,False
2025-01-12,2025-01-12T08:33:28.451234+01:00,2025-01-12T16:49:26.852540+01:00,2025-01-12 08:33:28.451234,2025-01-12 16:49:26.852540,2025-01-12 12:41:05,False
2025-01-13,2025-01-13T08:32:45.231177+01:00,2025-01-13T16:50:56.068191+01:00,2025-01-13 08:32:45.231177,2025-01-13 16:50:56.068191,2025-01-13 12:41:28,False
2025-01-14,2025-01-14T08:31:59.039681+01:00,2025-01-14T16:52:26.976655+01:00,2025-01-14 08:31:59.039681,2025-01-14 16:52:26.976655,2025-01-14 12:41:50,False
2025-01-15,2025-01-15T08:31:09.922174+01:00,2025-01-15T16:53:59.492637+01:00,2025-01-15 08:31:09.922174,2025-01-15 16:53:59.492637,2025-01-15 12:42:11,False
2025-01-16,2025-01-16T08:30:17.925622+01:00,2025-01-16T16:55:33.531400+01:00,2025-01-16 08:30:17.925622,2025-01-16 16:55:33.531400,2025-01-16 12:42:32,False
2025-01-17,2025-01-17T08:29:23.098359+01:00,2025-01-17T16:57:09.008975+01:00,2025-01-17 08:29:23.098359,2025-01-17 16:57:09.008975,2025-01-17 12:42:53,False
2025-01-18,2025-01-18T08:28:25.489932+01:00,2025-01-18T16:58:45.842356+01:00,2025-01-18 08:28:25.489932,2025-01-18 16:58:45.842356,2025-01-18 12:43:12,False
2025-01-19,2025-01-19T08:27:25.150942+01:00,2025-01-19T17:00:23.949678+01:00,2025-01-19 08:27:25.150942,2025-01-19 17:00:23.949678,2025-01-19 12:43:31,False
2025-01-20,2025-01-20T08:26:22.132904+01:00,2025-01-20T17:02:03.250392+01:00,2025-01-20 08:26:22.132904,2025-01-20 17:02:03.250392,2025-01-20 12:43:49,False
2025-01-21,2025-01-21T08:25:16.488103+01:00,2025-01-21T17:03:43.665422+01:00,2025-01-21 08:25:16.488103,2025-01-21 17:03:43.665422,2025-01-21 12:44:06,False
2025-01-22,2025-01-22T08:24:08.269463+01:00,2025-01-22T17:05:25.117316+01:00,2025-01-22 08:24:08.269463,2025-01-22 17:05:25.117316,2025-01-22 12:44:23,False
2025-01-23,2025-01-23T08:22:57.530421+01:00,2025-01-23T17:07:07.530376+01:00,2025-01-23 08:22:57.530421,2025-01-23 17:07:07.530376,2025-01-23 12:44:39,False
2025-01-24,2025-01-24T08:21:44.324814+01:00,2025-01-24T17:08:50.830784+01:00,2025-01-24 08:21:44.324814,2025-01-24 17:08:50.830784,2025-01-24 12:44:54,False
2025-01-25,2025-01-25T08:20:28.706761+01:00,2025-01-25T17:10:34.946710+01:00,2025-01-25 08:20:28.706761,2025-01-25 17:10:34.946710,2025-01-25 12:45:08,False
2025-01-26,2025-01-26T08:19:10.730571+01:00,2025-01-26T17:12:19.808414+01:00,2025-01-26 08:19:10.730571,2025-01-26 17:12:19.808414,2025-01-26 12:45:21,False
2025-01-27,2025-01-27T08:17:50.450640+01:00,2025-01-27T17:14:05.348327+01:00,2025-01-27 08:17:50.450640,2025-01-27 17:14:05.348327,2025-01-27 12:45:34,False
2025-01-28,2025-01-28T08:16:27.921366+01:00,2025-01-28T17:15:51.501129+01:00,2025-01-28 08:16:27.921366,2025-01-28 17:15:51.501129,2025-01-28 12:45:46,False
2025-01-29,2025-01-29T08:15:03.197070+01:00,2025-01-29T17:17:38.203812+01:00,2025-01-29 08:15:03.197070,2025-01-29 17:17:38.203812,2025-01-29 12:45:57,False
2025-01-30,2025-01-30T08:13:36.331922+01:00,2025-01-30T17:19:25.395731+01:00,2025-01-30 08:13:36.331922,2025-01-30 17:19:25.395731,2025-01-30 12:46:07,False
2025-01-31,2025-01-31T08:12:07.379870+01:00,2025-01-31T17:21:13.018646+01:00,2025-01-31 08:12:07.379870,2025-01-31 17:21:13.018646,2025-01-31 12:46:17,False
2025-02-01,2025-02-01T08:10:36.394585+01:00,2025-02-01T17:23:01.016757+01:00,2025-02-01 08:10:36.394585,2025-02-01 17:23:01.016757,2025-02-01 12:46:25,False
2025-02-02,2025-02-02T08:09:03.429401+01:00,2025-02-02T17:24:49.336722+01:00,2025-02-02 08:09:03.429401,2025-02-02 17:24:49.336722,2025-02-02 12:46:33,False
2025-02-03,2025-02-03T08:07:28.537270+01:00,2025-02-03T17:26:37.927672+01:00,2025-02-03 08:07:28.537270,2025-02-03 17:26:37.927672,2025-02-03 12:46:40,False
2025-02-04,2025-02-04T08:05:51.770714+01:00,2025-02-04T17:28:26.741216+01:00,2025-02-04 08:05:51.770714,2025-02-04 17:28:26.741216,2025-02-04 12:46:46,False
2025-02-05,2025-02-05T08:04:13.181790+01:00,2025-02-05T17:30:15.731435+01:00,2025-02-05 08:04:13.181790,2025-02-05 17:30:15.731435,2025-02-05 12:46:51,False
2025-02-06,2025-02-06T08:02:32.822054+01:00,2025-02-06T17:32:04.854875+01:00,2025-02-06 08:02:32.822054,2025-02-06 17:32:04.854875,2025-02-06 12:46:56,False
2025-02-07,2025-02-07T08:00:50.742530+01:00,2025-02-07T17:33:54.070526+01:00,2025-02-07 08:00:50.742530,2025-02-07 17:33:54.070526,2025-02-07 12:46:59,False
2025-02-08,2025-02-08T07:59:06.993687+01:00,2025-02-08T17:35:43.339797+01:00,2025-02-08 07:59:06.993687,2025-02-08 17:35:43.339797,2025-02-08 12:47:02,False
2025-02-09,2025-02-09T07:57:21.625417+01:00,2025-02-09T17:37:32.626488+01:00,2025-02-09 07:57:21.625417,2025-02-09 17:37:32.626488,2025-02-09 12:47:04,False
2025-02-10,2025-02-10T07:55:34.687014+01:00,2025-02-10T17:39:21.896752+01:00,2025-02-10 07:55:34.687014,2025-02-10 17:39:21.896752,2025-02-10 12:47:06,False
2025-02-11,2025-02-11T07:53:46.227161+01:00,2025-02-11T17:41:11.119054+01:00,2025-02-11 07:53:46.227161,2025-02-11 17:41:11.119054,2025-02-11 12:47:06,False
2025-02-12,2025-02-12T07:51:56.293920+01:00,2025-02-12T17:43:00.264125+01:00,2025-02-12 07:51:56.293920,2025-02-12 17:43:00.264125,2025-02-12 12:47:06,False
2025-02-13,2025-02-13T07:50:04.934717+01:00,2025-02-13T17:44:49.304914+01:00,2025-02-13 07:50:04.934717,2025-02-13 17:44:49.304914,2025-02-13 12:47:05,False
2025-02-14,2025-02-14T07:48:12.196339+01:00,2025-02-14T17:46:38.216533+01:00,2025-02-14 07:48:12.196339,2025-02-14 17:46:38.216533,2025-02-14 12:47:03,False
2025-02-15,2025-02-15T07:46:18.124933+01:00,2025-02-15T17:48:26.976202+01:00,2025-02-15 07:46:18.124933,2025-02-15 17:48:26.976202,2025-02-15 12:47:00,False
2025-02-16,2025-02-16T07:44:22.765994+01:00,2025-02-16T17:50:15.563187+01:00,2025-02-16 07:44:22.765994,2025-02-16 17:50:15.563187,2025-02-16 12:46:57,False
2025-02-17,2025-02-17T07:42:26.164373+01:00,2025-02-17T17:52:03.958740+01:00,2025-02-17 07:42:26.164373,2025-02-17 17:52:03.958740,2025-02-17 12:46:53,False
2025-02-18,2025-02-18T07:40:28.364276+01:00,2025-02-18T17:53:52.146038+01:00,2025-02-18 07:40:28.364276,2025-02-18 17:53:52.146038,2025-02-18 12:46:48,False
2025-02-19,2025-02-19T07:38:29.409265+01:00,2025-02-19T17:55:40.110110+01:00,2025-02-19 07:38:29.409265,2025-02-19 17:55:40.110110,2025-02-19 12:46:43,False
2025-02-20,2025-02-20T07:36:29.342265+01:00,2025-02-20T17:57:27.837777+01:00,2025-02-20 07:36:29.342265,2025-02-20 17:57:27.837777,2025-02-20 12:46:37,False
2025-02-21,2025-02-21T07:34:28.205566+01:00,2025-02-21T17:59:15.317581+01:00,2025-02-21 07:34:28.205566,2025-02-21 17:59:15.317581,2025-02-21 12:46:30,False
2025-02-22,2025-02-22T07:32:26.040836+01:00,2025-02-22T18:01:02.539716+01:00,2025-02-22 07:32:26.040836,2025-02-22 18:01:02.539716,2025-02-22 12:46:23,False
2025-02-23,2025-02-23T07:30:22.889124+01:00,2025-02-23T18:02:49.495958+01:00,2025-02-23 07:30:22.889124,2025-02-23 18:02:49.495958,2025-02-23 12:46:15,False
2025-02-24,2025-02-24T07:28:18.790870+01:00,2025-02-24T18:04:36.179598+01:00,2025-02-24 07:28:18.790870,2025-02-24 18:04:36.179598,2025-02-24 12:46:06,False
2025-02-25,2025-02-25T07:26:13.785918+01:00,2025-02-25T18:06:22.585369+01:00,2025-02-25 07:26:13.785918,2025-02-25 18:06:22.585369,2025-02-25 12:45:57,False
2025-02-26,2025-02-26T07:24:07.913524+01:00,2025-02-26T18:08:08.709375+01:00,2025-02-26 07:24:07.913524,2025-02-26 18:08:08.709375,2025-02-26 12:45:47,False
2025-02-27,2025-02-27T07:22:01.212371+01:00,2025-02-27T18:09:54.549026+01:00,2025-02-27 07:22:01.212371,2025-02-27 18:09:54.549026,2025-02-27 12:45:37,False
2025-02-28,2025-02-28T07:19:53.720579+01:00,2025-02-28T18:11:40.102966+01:00,2025-02-28 07:19:53.720579,2025-02-28 18:11:40.102966,2025-02-28 12:45:26,False
2025-03-01,2025-03-01T07:17:45.475720+01:00,2025-03-01T18:13:25.371003+01:00,2025-03-01 07:17:45.475720,2025-03-01 18:13:25.371003,2025-03-01 12:45:14,False
2025-03-02,2025-03-02T07:15:36.514832+01:00,2025-03-02T18:15:10.354044+01:00,2025-03-02 07:15:36.514832,2025-03-02 18:15:10.354044,2025-03-02 12:45:02,False
2025-03-03,2025-03-03T07:13:26.874437+01:00,2025-03-03T18:16:55.054026+01:00,2025-03-03 07:13:26.874437,2025-03-03 18:16:55.054026,2025-03-03 12:44:50,False
2025-03-04,2025-03-04T07:11:16.590551+01:00,2025-03-04T18:18:39.473850+01:00,2025-03-04 07:11:16.590551,2025-03-04 18:18:39.473850,2025-03-04 12:44:37,False
2025-03-05,2025-03-05T07:09:05.698704+01:00,2025-03-05T18:20:23.617315+01:00,2025-03-05 07:09:05.698704,2025-03-05 18:20:23.617315,2025-03-05 12:44:23,False
2025-03-06,2025-03-06T07:06:54.233958+01:00,2025-03-06T18:22:07.489057+01:00,2025-03-06 07:06:54.233958,2025-03-06 18:22:07.489057,2025-03-06 12:44:10,False
2025-03-07,2025-03-07T07:04:42.230923+01:00,2025-03-07T18:23:51.094481+01:00,2025-03-07 07:04:42.230923,2025-03-07 18:23:51.094481,2025-03-07 12:43:56,False
2025-03-08,2025-03-08T07:02:29.723775+01:00,2025-03-08T18:25:34.439704+01:00,2025-03-08 07:02:29.723775,2025-03-08 18:25:34.439704,2025-03-08 12:43:41,False
2025-03-09,2025-03-09T07:00:16.746274+01:00,2025-03-09T18:27:17.531488+01:00,2025-03-09 07:00:16.746274,2025-03-09 18:27:17.531488,2025-03-09 12:43:26,False
2025-03-10,2025-03-10T06:58:03.331786+01:00,2025-03-10T18:29:00.377188+01:00,2025-03-10 06:58:03.331786,2025-03-10 18:29:00.377188,2025-03-10 12:43:11,False
2025-03-11,2025-03-11T06:55:49.513301+01:00,2025-03-11T18:30:42.984687+01:00,2025-03-11 06:55:49.513301,2025-03-11 18:30:42.984687,2025-03-11 12:42:55,False
2025-03-12,2025-03-12T06:53:35.323455+01:00,2025-03-12T18:32:25.362341+01:00,2025-03-12 06:53:35.323455,2025-03-12 18:32:25.362341,2025-03-12 12:42:39,False
2025-03-13,2025-03-13T06:51:20.794547+01:00,2025-03-13T18:34:07.518925+01:00,2025-03-13 06:51:20.794547,2025-03-13 18:34:07.518925,2025-03-13 12:42:23,False
2025-03-14,2025-03-14T06:49:05.958565+01:00,2025-03-14T18:35:49.463572+01:00,2025-03-14 06:49:05.958565,2025-03-14 18:35:49.463572,2025-03-14 12:42:06,False
2025-03-15,2025-03-15T06:46:50.847205+01:00,2025-03-15T18:37:31.205728+01:00,2025-03-15 06:46:50.847205,2025-03-15 18:37:31.205728,2025-03-15 12:41:50,False
2025-03-16,2025-03-16T06:44:35.491895+01:00,2025-03-16T18:39:12.755089+01:00,2025-03-16 06:44:35.491895,2025-03-16 18:39:12.755089,2025-03-16 12:41:33,False
2025-03-17,2025-03-17T06:42:19.923814+01:00,2025-03-17T18:40:54.121558+01:00,2025-03-17 06:42:19.923814,2025-03-17 18:40:54.121558,2025-03-17 12:41:15,False
2025-03-18,2025-03-18T06:40:04.173921+01:00,2025-03-18T18:42:35.315188+01:00,2025-03-18 06:40:04.173921,2025-03-18 18:42:35.315188,2025-03-18 12:40:58,False
2025-03-19,2025-03-19T06:37:48.272972+01:00,2025-03-19T18:44:16.346134+01:00,2025-03-19 06:37:48.272972,2025-03-19 18:44:16.346134,2025-03-19 12:40:41,False
2025-03-20,2025-03-20T06:35:32.251549+01:00,2025-03-20T18:45:57.224607+01:00,2025-03-20 06:35:32.251549,2025-03-20 18:45:57.224607,2025-03-20 12:40:23,False
2025-03-21,2025-03-21T06:33:16.140080+01:00,2025-03-21T18:47:37.960819+01:00,2025-03-21 06:33:16.140080,2025-03-21 18:47:37.960819,2025-03-21 12:40:05,False
2025-03-22,2025-03-22T06:30:59.968867+01:00,2025-03-22T18:49:18.564940+01:00,2025-03-22 06:30:59.968867,2025-03-22 18:49:18.564940,2025-03-22 12:39:47,False
2025-03-23,2025-03-23T06:28:43.768107+01:00,2025-03-23T18:50:59.047052+01:00,2025-03-23 06:28:43.768107,2025-03-23 18:50:59.047052,2025-03-23 12:39:29,False
2025-03-24,2025-03-24T06:26:27.567919+01:00,2025-03-24T18:52:39.417097+01:00,2025-03-24 06:26:27.567919,2025-03-24 18:52:39.417097,2025-03-24 12:39:11,False
2025-03-25,2025-03-25T06:24:11.398368+01:00,2025-03-25T18:54:19.684836+01:00,2025-03-25 06:24:11.398368,2025-03-25 18:54:19.684836,2025-03-25 12:38:53,False
2025-03-26,2025-03-26T06:21:55.289489+01:00,2025-03-26T18:55:59.859802+01:00,2025-03-26 06:21:55.289489,2025-03-26 18:55:59.859802,2025-03-26 12:38:35,False
2025-03-27,2025-03-27T06:19:39.271318+01:00,2025-03-27T18:57:39.951254+01:00,2025-03-27 06:19:39.271318,2025-03-27 18:57:39.951254,2025-03-27 12:38:17,False
2025-03-28,2025-03-28T06:17:23.373907+01:00,2025-03-28T18:59:19.968131+01:00,2025-03-28 06:17:23.373907,2025-03-28 18:59:19.968131,2025-03-28 12:37:59,False
2025-03-29,2025-03-29T06:15:07.627359+01:00,2025-03-29T19:00:59.919012+01:00,2025-03-29 06:15:07.627359,2025-03-29 19:00:59.919012,2025-03-29 12:37:41,False
2025-03-30,2025-03-30T07:12:52.061849+02:00,2025-03-30T20:02:39.812064+02:00,2025-03-30 07:12:52.061849,2025-03-30 20:02:39.812064,2025-03-30 13:37:23,True
2025-03-31,2025-03-31T07:10:36.707647+02:00,2025-03-31T20:04:19.655003+02:00,2025-03-31 07:10:36.707647,2025-03-31 20:04:19.655003,2025-03-31 13:37:05,True
2025-04-01,2025-04-01T07:08:21.595149+02:00,2025-04-01T20:05:59.455048+02:00,2025-04-01 07:08:21.595149,2025-04-01 20:05:59.455048,2025-04-01 13:36:47,True
2025-04-02,2025-04-02T07:06:06.754896+02:00,2025-04-02T20:07:39.218875+02:00,2025-04-02 07:06:06.754896,2025-04-02 20:07:39.218875,2025-04-02 13:36:29,True
2025-04-03,2025-04-03T07:03:52.217604+02:00,2025-04-03T20:09:18.952573+02:00,2025-04-03 07:03:52.217604,2025-04-03 20:09:18.952573,2025-04-03 13:36:12,True
2025-04-04,2025-04-04T07:01:38.014183+02:00,2025-04-04T20:10:58.661599+02:00,2025-04-04 07:01:38.014183,2025-04-04 20:10:58.661599,2025-04-04 13:35:54,True
2025-04-05,2025-04-05T06:59:24.175769+02:00,2025-04-05T20:12:38.350732+02:00,2025-04-05 06:59:24.175769,2025-04-05 20:12:38.350732,2025-04-05 13:35:37,True
2025-04-06,2025-04-06T06:57:10.733739+02:00,2025-04-06T20:14:18.024031+02:00,2025-04-06 06:57:10.733739,2025-04-06 20:14:18.024031,2025-04-06 13:35:20,True
2025-04-07,2025-04-07T06:54:57.719742+02:00,2025-04-07T20:15:57.684783+02:00,2025-04-07 06:54:57.719742,2025-04-07 20:15:57.684783,2025-04-07 13:35:03,True
2025-04-08,2025-04-08T06:52:45.165719+02:00,2025-04-08T20:17:37.335463+02:00,2025-04-08 06:52:45.165719,2025-04-08 20:17:37.335463,2025-04-08 13:34:46,True
2025-04-09,2025-04-09T06:50:33.103926+02:00,2025-04-09T20:19:16.977685+02:00,2025-04-09 06:50:33.103926,2025-04-09 20:19:16.977685,2025-04-09 13:34:30,True
2025-04-10,2025-04-10T06:48:21.566957+02:00,2025-04-10T20:20:56.612155+02:00,2025-04-10 06:48:21.566957,2025-04-10 20:20:56.612155,2025-04-10 13:34:14,True
2025-04-11,2025-04-11T06:46:10.587767+02:00,2025-04-11T20:22:36.238627+02:00,2025-04-11 06:46:10.587767,2025-04-11 20:22:36.238627,2025-04-11 13:33:58,True
2025-04-12,2025-04-12T06:44:00.199689+02:00,2025-04-12T20:24:15.855851+02:00,2025-04-12 06:44:00.199689,2025-04-12 20:24:15.855851,2025-04-12 13:33:42,True
2025-04-13,2025-04-13T06:41:50.436460+02:00,2025-04-13T20:25:55.461531+02:00,2025-04-13 06:41:50.436460,2025-04-13 20:25:55.461531,2025-04-13 13:33:27,True
2025-04-14,2025-04-14T06:39:41.332239+02:00,2025-04-14T20:27:35.052276+02:00,2025-04-14 06:39:41.332239,2025-04-14 20:27:35.052276,2025-04-14 13:33:12,True
2025-04-15,2025-04-15T06:37:32.921622+02:00,2025-04-15T20:29:14.623549+02:00,2025-04-15 06:37:32.921622,2025-04-15 20:29:14.623549,2025-04-15 13:32:57,True
2025-04-16,2025-04-16T06:35:25.239668+02:00,2025-04-16T20:30:54.169624+02:00,2025-04-16 06:35:25.239668,2025-04-16 20:30:54.169624,2025-04-16 13:32:43,True
2025-04-17,2025-04-17T06:33:18.321910+02:00,2025-04-17T20:32:33.683537+02:00,2025-04-17 06:33:18.321910,2025-04-17 20:32:33.683537,2025-04-17 13:32:29,True
2025-04-18,2025-04-18T06:31:12.204375+02:00,2025-04-18T20:34:13.157038+02:00,2025-04-18 06:31:12.204375,2025-04-18 20:34:13.157038,2025-04-18 13:32:16,True
2025-04-19,2025-04-19T06:29:06.923598+02:00,2025-04-19T20:35:52.580545+02:00,2025-04-19 06:29:06.923598,2025-04-19 20:35:52.580545,2025-04-19 13:32:03,True
2025-04-20,2025-04-20T06:27:02.516637+02:00,2025-04-20T20:37:31.943095+02:00,2025-04-20 06:27:02.516637,2025-04-20 20:37:31.943095,2025-04-20 13:31:50,True
2025-04-21,2025-04-21T06:24:59.021085+02:00,2025-04-21T20:39:11.232302+02:00,2025-04-21 06:24:59.021085,2025-04-21 20:39:11.232302,2025-04-21 13:31:37,True
2025-04-22,2025-04-22T06:22:56.475086+02:00,2025-04-22T20:40:50.434307+02:00,2025-04-22 06:22:56.475086,2025-04-22 20:40:50.434307,2025-04-22 13:31:26,True
2025-04-23,2025-04-23T06:20:54.917340+02:00,2025-04-23T20:42:29.533737+02:00,2025-04-23 06:20:54.917340,2025-04-23 20:42:29.533737,2025-04-23 13:31:14,True
2025-04-24,2025-04-24T06:18:54.387117+02:00,2025-04-24T20:44:08.513661+02:00,2025-04-24 06:18:54.387117,2025-04-24 20:44:08.513661,2025-04-24 13:31:03,True
2025-04-25,2025-04-25T06:16:54.924260+02:00,2025-04-25T20:45:47.355545+02:00,2025-04-25 06:16:54.924260,2025-04-25 20:45:47.355545,2025-04-25 13:30:53,True
2025-04-26,2025-04-26T06:14:56.569196+02:00,2025-04-26T20:47:26.039215+02:00,2025-04-26 06:14:56.569196,2025-04-26 20:47:26.039215,2025-04-26 13:30:43,True
2025-04-27,2025-04-27T06:12:59.362938+02:00,2025-04-27T20:49:04.542817+02:00,2025-04-27 06:12:59.362938,2025-04-27 20:49:04.542817,2025-04-27 13:30:33,True
2025-04-28,2025-04-28T06:11:03.347085+02:00,2025-04-28T20:50:42.842777+02:00,2025-04-28 06:11:03.347085,2025-04-28 20:50:42.842777,2025-04-28 13:30:24,True
2025-04-29,2025-04-29T06:09:08.563827+02:00,2025-04-29T20:52:20.913774+02:00,2025-04-29 06:09:08.563827,2025-04-29 20:52:20.913774,2025-04-29 13:30:16,True
2025-04-30,2025-04-30T06:07:15.055939+02:00,2025-04-30T20:53:58.728697+02:00,2025-04-30 06:07:15.055939,2025-04-30 20:53:58.728697,2025-04-30 13:30:08,True
2025-05-01,2025-05-01T06:05:22.866779+02:00,2025-05-01T20:55:36.258628+02:00,2025-05-01 06:05:22.866779,2025-05-01 20:55:36.258628,2025-05-01 13:30:00,True
2025-05-02,2025-05-02T06:03:32.040281+02:00,2025-05-02T20:57:13.472803+02:00,2025-05-02 06:03:32.040281,2025-05-02 20:57:13.472803,2025-05-02 13:29:53,True
2025-05-03,2025-05-03T06:01:42.620944+02:00,2025-05-03T20:58:50.338603+02:00,2025-05-03 06:01:42.620944,2025-05-03 20:58:50.338603,2025-05-03 13:29:47,True
2025-05-04,2025-05-04T05:59:54.653821+02:00,2025-05-04T21:00:26.821524+02:00,2025-05-04 05:59:54.653821,2025-05-04 21:00:26.821524,2025-05-04 13:29:41,True
2025-05-05,2025-05-05T05:58:08.184506+02:00,2025-05-05T21:02:02.885168+02:00,2025-05-05 05:58:08.184506,2025-05-05 21:02:02.885168,2025-05-05 13:29:36,True
2025-05-06,2025-05-06T05:56:23.259110+02:00,2025-05-06T21:03:38.491232+02:00,2025-05-06 05:56:23.259110,2025-05-06 21:03:38.491232,2025-05-06 13:29:31,True
2025-05-07,2025-05-07T05:54:39.924245+02:00,2025-05-07T21:05:13.599503+02:00,2025-05-07 05:54:39.924245,2025-05-07 21:05:13.599503,2025-05-07 13:29:27,True
2025-05-08,2025-05-08T05:52:58.226994+02:00,2025-05-08T21:06:48.167858+02:00,2025-05-08 05:52:58.226994,2025-05-08 21:06:48.167858,2025-05-08 13:29:23,True
2025-05-09,2025-05-09T05:51:18.214883+02:00,2025-05-09T21:08:22.152270+02:00,2025-05-09 05:51:18.214883,2025-05-09 21:08:22.152270,2025-05-09 13:29:20,True
2025-05-10,2025-05-10T05:49:39.935849+02:00,2025-05-10T21:09:55.506817+02:00,2025-05-10 05:49:39.935849,2025-05-10 21:09:55.506817,2025-05-10 13:29:18,True
2025-05-11,2025-05-11T05:48:03.438201+02:00,2025-05-11T21:11:28.183706+02:00,2025-05-11 05:48:03.438201,2025-05-11 21:11:28.183706,2025-05-11 13:29:16,True
2025-05-12,2025-05-12T05:46:28.770576+02:00,2025-05-12T21:13:00.133292+02:00,2025-05-12 05:46:28.770576,2025-05-12 21:13:00.133292,2025-05-12 13:29:15,True
2025-05-13,2025-05-13T05:44:55.981898+02:00,2025-05-13T21:14:31.304112+02:00,2025-05-13 05:44:55.981898,2025-05-13 21:14:31.304112,2025-05-13 13:29:14,True
2025-05-14,2025-05-14T05:43:25.121319+02:00,2025-05-14T21:16:01.642925+02:00,2025-05-14 05:43:25.121319,2025-05-14 21:16:01.642925,2025-05-14 13:29:14,True
2025-05-15,2025-05-15T05:41:56.238166+02:00,2025-05-15T21:17:31.094759+02:00,2025-05-15 05:41:56.238166,2025-05-15 21:17:31.094759,2025-05-15 13:29:14,True
2025-05-16,2025-05-16T05:40:29.381881+02:00,2025-05-16T21:18:59.602963+02:00,2025-05-16 05:40:29.381881,2025-05-16 21:18:59.602963,2025-05-16 13:29:15,True
2025-05-17,2025-05-17T05:39:04.601948+02:00,2025-05-17T21:20:27.109274+02:00,2025-05-17 05:39:04.601948,2025-05-17 21:20:27.109274,2025-05-17 13:29:17,True
2025-05-18,2025-05-18T05:37:41.947827+02:00,2025-05-18T21:21:53.553886+02:00,2025-05-18 05:37:41.947827,2025-05-18 21:21:53.553886,2025-05-18 13:29:19,True
2025-05-19,2025-05-19T05:36:21.468868+02:00,2025-05-19T21:23:18.875532+02:00,2025-05-19 05:36:21.468868,2025-05-19 21:23:18.875532,2025-05-19 13:29:21,True
2025-05-20,2025-05-20T05:35:03.214234+02:00,2025-05-20T21:24:43.011570+02:00,2025-05-20 05:35:03.214234,2025-05-20 21:24:43.011570,2025-05-20 13:29:24,True
2025-05-21,2025-05-21T05:33:47.232805+02:00,2025-05-21T21:26:05.898086+02:00,2025-05-21 05:33:47.232805,2025-05-21 21:26:05.898086,2025-05-21 13:29:28,True
2025-05-22,2025-05-22T05:32:33.573088+02:00,2025-05-22T21:27:27.469994+02:00,2025-05-22 05:32:33.573088,2025-05-22 21:27:27.469994,2025-05-22 13:29:32,True
2025-05-23,2025-05-23T05:31:22.283110+02:00,2025-05-23T21:28:47.661160+02:00,2025-05-23 05:31:22.283110,2025-05-23 21:28:47.661160,2025-05-23 13:29:37,True
2025-05-24,2025-05-24T05:30:13.410315+02:00,2025-05-24T21:30:06.404518+02:00,2025-05-24 05:30:13.410315,2025-05-24 21:30:06.404518,2025-05-24 13:29:42,True
2025-05-25,2025-05-25T05:29:07.001450+02:00,2025-05-25T21:31:23.632211+02:00,2025-05-25 05:29:07.001450,2025-05-25 21:31:23.632211,2025-05-25 13:29:48,True
2025-05-26,2025-05-26T05:28:03.102448+02:00,2025-05-26T21:32:39.275727+02:00,2025-05-26 05:28:03.102448,2025-05-26 21:32:39.275727,2025-05-26 13:29:55,True
2025-05-27,2025-05-27T05:27:01.758303+02:00,2025-05-27T21:33:53.266049+02:00,2025-05-27 05:27:01.758303,2025-05-27 21:33:53.266049,2025-05-27 13:30:01,True
2025-05-28,2025-05-28T05:26:03.012947+02:00,2025-05-28T21:35:05.533819+02:00,2025-05-28 05:26:03.012947,2025-05-28 21:35:05.533819,2025-05-28 13:30:09,True
2025-05-29,2025-05-29T05:25:06.909116+02:00,2025-05-29T21:36:16.009493+02:00,2025-05-29 05:25:06.909116,2025-05-29 21:36:16.009493,2025-05-29 13:30:16,True
2025-05-30,2025-05-30T05:24:13.488213+02:00,2025-05-30T21:37:24.623520+02:00,2025-05-30 05:24:13.488213,2025-05-30 21:37:24.623520,2025-05-30 13:30:24,True
2025-05-31,2025-05-31T05:23:22.790173+02:00,2025-05-31T21:38:31.306516+02:00,2025-05-31 05:23:22.790173,2025-05-31 21:38:31.306516,2025-05-31 13:30:33,True
2025-06-01,2025-06-01T05:22:34.853321+02:00,2025-06-01T21:39:35.989446+02:00,2025-06-01 05:22:34.853321,2025-06-01 21:39:35.989446,2025-06-01 13:30:42,True
2025-06-02,2025-06-02T05:21:49.714229+02:00,2025-06-02T21:40:38.603813+02:00,2025-06-02 05:21:49.714229,2025-06-02 21:40:38.603813,2025-06-02 13:30:51,True
2025-06-03,2025-06-03T05:21:07.407571+02:00,2025-06-03T21:41:39.081847+02:00,2025-06-03 05:21:07.407571,2025-06-03 21:41:39.081847,2025-06-03 13:31:01,True
2025-06-04,2025-06-04T05:20:27.965983+02:00,2025-06-04T21:42:37.356699+02:00,2025-06-04 05:20:27.965983,2025-06-04 21:42:37.356699,2025-06-04 13:31:11,True
2025-06-05,2025-06-05T05:19:51.419913+02:00,2025-06-05T21:43:33.362634+02:00,2025-06-05 05:19:51.419913,2025-06-05 21:43:33.362634,2025-06-05 13:31:21,True
2025-06-06,2025-06-06T05:19:17.797489+02:00,2025-06-06T21:44:27.035228+02:00,2025-06-06 05:19:17.797489,2025-06-06 21:44:27.035228,2025-06-06 13:31:32,True
2025-06-07,2025-06-07T05:18:47.124369+02:00,2025-06-07T21:45:18.311560+02:00,2025-06-07 05:18:47.124369,2025-06-07 21:45:18.311560,2025-06-07 13:31:43,True
2025-06-08,2025-06-08T05:18:19.423617+02:00,2025-06-08T21:46:07.130405+02:00,2025-06-08 05:18:19.423617,2025-06-08 21:46:07.130405,2025-06-08 13:31:55,True
2025-06-09,2025-06-09T05:17:54.715563+02:00,2025-06-09T21:46:53.432421+02:00,2025-06-09 05:17:54.715563,2025-06-09 21:46:53.432421,2025-06-09 13:32:06,True
2025-06-10,2025-06-10T05:17:33.017688+02:00,2025-06-10T21:47:37.160337+02:00,2025-06-10 05:17:33.017688,2025-06-10 21:47:37.160337,2025-06-10 13:32:18,True
2025-06-11,2025-06-11T05:17:14.344498+02:00,2025-06-11T21:48:18.259125+02:00,2025-06-11 05:17:14.344498,2025-06-11 21:48:18.259125,2025-06-11 13:32:30,True
2025-06-12,2025-06-12T05:16:58.707423+02:00,2025-06-12T21:48:56.676177+02:00,2025-06-12 05:16:58.707423,2025-06-12 21:48:56.676177,2025-06-12 13:32:42,True
2025-06-13,2025-06-13T05:16:46.114712+02:00,2025-06-13T21:49:32.361466+02:00,2025-06-13 05:16:46.114712,2025-06-13 21:49:32.361466,2025-06-13 13:32:55,True
2025-06-14,2025-06-14T05:16:36.571345+02:00,2025-06-14T21:50:05.267695+02:00,2025-06-14 05:16:36.571345,2025-06-14 21:50:05.267695,2025-06-14 13:33:07,True
2025-06-15,2025-06-15T05:16:30.078958+02:00,2025-06-15T21:50:35.350449+02:00,2025-06-15 05:16:30.078958,2025-06-15 21:50:35.350449,2025-06-15 13:33:20,True
2025-06-16,2025-06-16T05:16:26.635773+02:00,2025-06-16T21:51:02.568317+02:00,2025-06-16 05:16:26.635773,2025-06-16 21:51:02.568317,2025-06-16 13:33:33,True
2025-06-17,2025-06-17T05:16:26.236547+02:00,2025-06-17T21:51:26.883017+02:00,2025-06-17 05:16:26.236547,2025-06-17 21:51:26.883017,2025-06-17 13:33:46,True
2025-06-18,2025-06-18T05:16:28.872535+02:00,2025-06-18T21:51:48.259495+02:00,2025-06-18 05:16:28.872535,2025-06-18 21:51:48.259495,2025-06-18 13:33:59,True
2025-06-19,2025-06-19T05:16:34.531463+02:00,2025-06-19T21:52:06.666026+02:00,2025-06-19 05:16:34.531463,2025-06-19 21:52:06.666026,2025-06-19 13:34:12,True
2025-06-20,2025-06-20T05:16:43.197519+02:00,2025-06-20T21:52:22.074280+02:00,2025-06-20 05:16:43.197519,2025-06-20 21:52:22.074280,2025-06-20 13:34:25,True
2025-06-21,2025-06-21T05:16:54.851359+02:00,2025-06-21T21:52:34.459389+02:00,2025-06-21 05:16:54.851359,2025-06-21 21:52:34.459389,2025-06-21 13:34:38,True
2025-06-22,2025-06-22T05:17:09.470129+02:00,2025-06-22T21:52:43.799993+02:00,2025-06-22 05:17:09.470129,2025-06-22 21:52:43.799993,2025-06-22 13:34:51,True
2025-06-23,2025-06-23T05:17:27.027499+02:00,2025-06-23T21:52:50.078270+02:00,2025-06-23 05:17:27.027499,2025-06-23 21:52:50.078270,2025-06-23 13:35:04,True
2025-06-24,2025-06-24T05:17:47.493721+02:00,2025-06-24T21:52:53.279949+02:00,2025-06-24 05:17:47.493721,2025-06-24 21:52:53.279949,2025-06-24 13:35:17,True
2025-06-25,2025-06-25T05:18:10.835690+02:00,2025-06-25T21:52:53.394311+02:00,2025-06-25 05:18:10.835690,2025-06-25 21:52:53.394311,2025-06-25 13:35:30,True
2025-06-26,2025-06-26T05:18:37.017029+02:00,2025-06-26T21:52:50.414173+02:00,2025-06-26 05:18:37.017029,2025-06-26 21:52:50.414173,2025-06-26 13:35:43,True
2025-06-27,2025-06-27T05:19:05.998191+02:00,2025-06-27T21:52:44.335858+02:00,2025-06-27 05:19:05.998191,2025-06-27 21:52:44.335858,2025-06-27 13:35:55,True
2025-06-28,2025-06-28T05:19:37.736560+02:00,2025-06-28T21:52:35.159149+02:00,2025-06-28 05:19:37.736560,2025-06-28 21:52:35.159149,2025-06-28 13:36:08,True
2025-06-29,2025-06-29T05:20:12.186583+02:00,2025-06-29T21:52:22.887233+02:00,2025-06-29 05:20:12.186583,2025-06-29 21:52:22.887233,2025-06-29 13:36:20,True
2025-06-30,2025-06-30T05:20:49.299904+02:00,2025-06-30T21:52:07.526627+02:00,2025-06-30 05:20:49.299904,2025-06-30 21:52:07.526627,2025-06-30 13:36:32,True
2025-07-01,2025-07-01T05:21:29.025508+02:00,2025-07-01T21:51:49.087096+02:00,2025-07-01 05:21:29.025508,2025-07-01 21:51:49.087096,2025-07-01 13:36:43,True
2025-07-02,2025-07-02T05:22:11.309884+02:00,2025-07-02T21:51:27.581562+02:00,2025-07-02 05:22:11.309884,2025-07-02 21:51:27.581562,2025-07-02 13:36:55,True
2025-07-03,2025-07-03T05:22:56.097185+02:00,2025-07-03T21:51:03.025995+02:00,2025-07-03 05:22:56.097185,2025-07-03 21:51:03.025995,2025-07-03 13:37:06,True
2025-07-04,2025-07-04T05:23:43.329409+02:00,2025-07-04T21:50:35.439305+02:00,2025-07-04 05:23:43.329409,2025-07-04 21:50:35.439305,2025-07-04 13:37:17,True
2025-07-05,2025-07-05T05:24:32.946571+02:00,2025-07-05T21:50:04.843220+02:00,2025-07-05 05:24:32.946571,2025-07-05 21:50:04.843220,2025-07-05 13:37:28,True
2025-07-06,2025-07-06T05:25:24.886900+02:00,2025-07-06T21:49:31.262157+02:00,2025-07-06 05:25:24.886900,2025-07-06 21:49:31.262157,2025-07-06 13:37:38,True
2025-07-07,2025-07-07T05:26:19.087018+02:00,2025-07-07T21:48:54.723092+02:00,2025-07-07 05:26:19.087018,2025-07-07 21:48:54.723092,2025-07-07 13:37:48,True
2025-07-08,2025-07-08T05:27:15.482141+02:00,2025-07-08T21:48:15.255422+02:00,2025-07-08 05:27:15.482141,2025-07-08 21:48:15.255422,2025-07-08 13:37:57,True
2025-07-09,2025-07-09T05:28:14.006269+02:00,2025-07-09T21:47:32.890823+02:00,2025-07-09 05:28:14.006269,2025-07-09 21:47:32.890823,2025-07-09 13:38:06,True
2025-07-10,2025-07-10T05:29:14.592382+02:00,2025-07-10T21:46:47.663110+02:00,2025-07-10 05:29:14.592382,2025-07-10 21:46:47.663110,2025-07-10 13:38:15,True
2025-07-11,2025-07-11T05:30:17.172634+02:00,2025-07-11T21:45:59.608091+02:00,2025-07-11 05:30:17.172634,2025-07-11 21:45:59.608091,2025-07-11 13:38:23,True
2025-07-12,2025-07-12T05:31:21.678545+02:00,2025-07-12T21:45:08.763420+02:00,2025-07-12 05:31:21.678545,2025-07-12 21:45:08.763420,2025-07-12 13:38:31,True
2025-07-13,2025-07-13T05:32:28.041189+02:00,2025-07-13T21:44:15.168460+02:00,2025-07-13 05:32:28.041189,2025-07-13 21:44:15.168460,2025-07-13 13:38:38,True
2025-07-14,2025-07-14T05:33:36.191380+02:00,2025-07-14T21:43:18.864134+02:00,2025-07-14 05:33:36.191380,2025-07-14 21:43:18.864134,2025-07-14 13:38:45,True
2025-07-15,2025-07-15T05:34:46.059853+02:00,2025-07-15T21:42:19.892785+02:00,2025-07-15 05:34:46.059853,2025-07-15 21:42:19.892785,2025-07-15 13:38:52,True
2025-07-16,2025-07-16T05:35:57.577436+02:00,2025-07-16T21:41:18.298043+02:00,2025-07-16 05:35:57.577436,2025-07-16 21:41:18.298043,2025-07-16 13:38:57,True
2025-07-17,2025-07-17T05:37:10.675221+02:00,2025-07-17T21:40:14.124686+02:00,2025-07-17 05:37:10.675221,2025-07-17 21:40:14.124686,2025-07-17 13:39:03,True
2025-07-18,2025-07-18T05:38:25.284723+02:00,2025-07-18T21:39:07.418509+02:00,2025-07-18 05:38:25.284723,2025-07-18 21:39:07.418509,2025-07-18 13:39:08,True
2025-07-19,2025-07-19T05:39:41.338037+02:00,2025-07-19T21:37:58.226203+02:00,2025-07-19 05:39:41.338037,2025-07-19 21:37:58.226203,2025-07-19 13:39:12,True
2025-07-20,2025-07-20T05:40:58.767979+02:00,2025-07-20T21:36:46.595229+02:00,2025-07-20 05:40:58.767979,2025-07-20 21:36:46.595229,2025-07-20 13:39:16,True
2025-07-21,2025-07-21T05:42:17.508231+02:00,2025-07-21T21:35:32.573703+02:00,2025-07-21 05:42:17.508231,2025-07-21 21:35:32.573703,2025-07-21 13:39:19,True
2025-07-22,2025-07-22T05:43:37.493461+02:00,2025-07-22T21:34:16.210284+02:00,2025-07-22 05:43:37.493461,2025-07-22 21:34:16.210284,2025-07-22 13:39:21,True
2025-07-23,2025-07-23T05:44:58.659452+02:00,2025-07-23T21:32:57.554072+02:00,2025-07-23 05:44:58.659452,2025-07-23 21:32:57.554072,2025-07-23 13:39:23,True
2025-07-24,2025-07-24T05:46:20.943207+02:00,2025-07-24T21:31:36.654504+02:00,2025-07-24 05:46:20.943207,2025-07-24 21:31:36.654504,2025-07-24 13:39:25,True
2025-07-25,2025-07-25T05:47:44.283054+02:00,2025-07-25T21:30:13.561263+02:00,2025-07-25 05:47:44.283054,2025-07-25 21:30:13.561263,2025-07-25 13:39:26,True
2025-07-26,2025-07-26T05:49:08.618740+02:00,2025-07-26T21:28:48.324185+02:00,2025-07-26 05:49:08.618740,2025-07-26 21:28:48.324185,2025-07-26 13:39:26,True
2025-07-27,2025-07-27T05:50:33.891513+02:00,2025-07-27T21:27:20.993183+02:00,2025-07-27 05:50:33.891513,2025-07-27 21:27:20.993183,2025-07-27 13:39:26,True
2025-07-28,2025-07-28T05:52:00.044201+02:00,2025-07-28T21:25:51.618162+02:00,2025-07-28 05:52:00.044201,2025-07-28 21:25:51.618162,2025-07-28 13:39:25,True
2025-07-29,2025-07-29T05:53:27.021278+02:00,2025-07-29T21:24:20.248955+02:00,2025-07-29 05:53:27.021278,2025-07-29 21:24:20.248955,2025-07-29 13:39:23,True
2025-07-30,2025-07-30T05:54:54.768919+02:00,2025-07-30T21:22:46.935252+02:00,2025-07-30 05:54:54.768919,2025-07-30 21:22:46.935252,2025-07-30 13:39:21,True
2025-07-31,2025-07-31T05:56:23.235057+02:00,2025-07-31T21:21:11.726538+02:00,2025-07-31 05:56:23.235057,2025-07-31 21:21:11.726538,2025-07-31 13:39:18,True
2025-08-01,2025-08-01T05:57:52.369420+02:00,2025-08-01T21:19:34.672041+02:00,2025-08-01 05:57:52.369420,2025-08-01 21:19:34.672041,2025-08-01 13:39:15,True
2025-08-02,2025-08-02T05:59:22.123570+02:00,2025-08-02T21:17:55.820682+02:00,2025-08-02 05:59:22.123570,2025-08-02 21:17:55.820682,2025-08-02 13:39:11,True
2025-08-03,2025-08-03T06:00:52.450927+02:00,2025-08-03T21:16:15.221023+02:00,2025-08-03 06:00:52.450927,2025-08-03 21:16:15.221023,2025-08-03 13:39:06,True
2025-08-04,2025-08-04T06:02:23.306795+02:00,2025-08-04T21:14:32.921229+02:00,2025-08-04 06:02:23.306795,2025-08-04 21:14:32.921229,2025-08-04 13:39:01,True
2025-08-05,2025-08-05T06:03:54.648370+02:00,2025-08-05T21:12:48.969033+02:00,2025-08-05 06:03:54.648370,2025-08-05 21:12:48.969033,2025-08-05 13:38:55,True
2025-08-06,2025-08-06T06:05:26.434753+02:00,2025-08-06T21:11:03.411699+02:00,2025-08-06 06:05:26.434753,2025-08-06 21:11:03.411699,2025-08-06 13:38:49,True
2025-08-07,2025-08-07T06:06:58.626951+02:00,2025-08-07T21:09:16.295995+02:00,2025-08-07 06:06:58.626951,2025-08-07 21:09:16.295995,2025-08-07 13:38:42,True
2025-08-08,2025-08-08T06:08:31.187871+02:00,2025-08-08T21:07:27.668167+02:00,2025-08-08 06:08:31.187871,2025-08-08 21:07:27.668167,2025-08-08 13:38:34,True
2025-08-09,2025-08-09T06:10:04.082317+02:00,2025-08-09T21:05:37.573916+02:00,2025-08-09 06:10:04.082317,2025-08-09 21:05:37.573916,2025-08-09 13:38:26,True
2025-08-10,2025-08-10T06:11:37.276972+02:00,2025-08-10T21:03:46.058382+02:00,2025-08-10 06:11:37.276972,2025-08-10 21:03:46.058382,2025-08-10 13:38:17,True
2025-08-11,2025-08-11T06:13:10.740383+02:00,2025-08-11T21:01:53.166127+02:00,2025-08-11 06:13:10.740383,2025-08-11 21:01:53.166127,2025-08-11 13:38:08,True
2025-08-12,2025-08-12T06:14:44.442940+02:00,2025-08-12T20:59:58.941122+02:00,2025-08-12 06:14:44.442940,2025-08-12 20:59:58.941122,2025-08-12 13:37:58,True
2025-08-13,2025-08-13T06:16:18.356851+02:00,2025-08-13T20:58:03.426737+02:00,2025-08-13 06:16:18.356851,2025-08-13 20:58:03.426737,2025-08-13 13:37:48,True
2025-08-14,2025-08-14T06:17:52.456111+02:00,2025-08-14T20:56:06.665737+02:00,2025-08-14 06:17:52.456111,2025-08-14 20:56:06.665737,2025-08-14 13:37:37,True
2025-08-15,2025-08-15T06:19:26.716475+02:00,2025-08-15T20:54:08.700272+02:00,2025-08-15 06:19:26.716475,2025-08-15 20:54:08.700272,2025-08-15 13:37:25,True
2025-08-16,2025-08-16T06:21:01.115421+02:00,2025-08-16T20:52:09.571880+02:00,2025-08-16 06:21:01.115421,2025-08-16 20:52:09.571880,2025-08-16 13:37:13,True
2025-08-17,2025-08-17T06:22:35.632117+02:00,2025-08-17T20:50:09.321483+02:00,2025-08-17 06:22:35.632117,2025-08-17 20:50:09.321483,2025-08-17 13:37:01,True
2025-08-18,2025-08-18T06:24:10.247378+02:00,2025-08-18T20:48:07.989389+02:00,2025-08-18 06:24:10.247378,2025-08-18 20:48:07.989389,2025-08-18 13:36:48,True
2025-08-19,2025-08-19T06:25:44.943630+02:00,2025-08-19T20:46:05.615299+02:00,2025-08-19 06:25:44.943630,2025-08-19 20:46:05.615299,2025-08-19 13:36:34,True
2025-08-20,2025-08-20T06:27:19.704867+02:00,2025-08-20T20:44:02.238307+02:00,2025-08-20 06:27:19.704867,2025-08-20 20:44:02.238307,2025-08-20 13:36:20,True
2025-08-21,2025-08-21T06:28:54.516607+02:00,2025-08-21T20:41:57.896910+02:00,2025-08-21 06:28:54.516607,2025-08-21 20:41:57.896910,2025-08-21 13:36:05,True
2025-08-22,2025-08-22T06:30:29.365852+02:00,2025-08-22T20:39:52.629019+02:00,2025-08-22 06:30:29.365852,2025-08-22 20:39:52.629019,2025-08-22 13:35:50,True
2025-08-23,2025-08-23T06:32:04.241036+02:00,2025-08-23T20:37:46.471964+02:00,2025-08-23 06:32:04.241036,2025-08-23 20:37:46.471964,2025-08-23 13:35:35,True
2025-08-24,2025-08-24T06:33:39.131989+02:00,2025-08-24T20:35:39.462507+02:00,2025-08-24 06:33:39.131989,2025-08-24 20:35:39.462507,2025-08-24 13:35:19,True
2025-08-25,2025-08-25T06:35:14.029882+02:00,2025-08-25T20:33:31.636857+02:00,2025-08-25 06:35:14.029882,2025-08-25 20:33:31.636857,2025-08-25 13:35:03,True
2025-08-26,2025-08-26T06:36:48.927186+02:00,2025-08-26T20:31:23.030681+02:00,2025-08-26 06:36:48.927186,2025-08-26 20:31:23.030681,2025-08-26 13:34:46,True
2025-08-27,2025-08-27T06:38:23.817625+02:00,2025-08-27T20:29:13.679120+02:00,2025-08-27 06:38:23.817625,2025-08-27 20:29:13.679120,2025-08-27 13:34:29,True
2025-08-28,2025-08-28T06:39:58.696129+02:00,2025-08-28T20:27:03.616805+02:00,2025-08-28 06:39:58.696129,2025-08-28 20:27:03.616805,2025-08-28 13:34:12,True
2025-08-29,2025-08-29T06:41:33.558785+02:00,2025-08-29T20:24:52.877875+02:00,2025-08-29 06:41:33.558785,2025-08-29 20:24:52.877875,2025-08-29 13:33:54,True
2025-08-30,2025-08-30T06:43:08.402796+02:00,2025-08-30T20:22:41.495992+02:00,2025-08-30 06:43:08.402796,2025-08-30 20:22:41.495992,2025-08-30 13:33:36,True
2025-08-31,2025-08-31T06:44:43.226429+02:00,2025-08-31T20:20:29.504364+02:00,2025-08-31 06:44:43.226429,2025-08-31 20:20:29.504364,2025-08-31 13:33:17,True
2025-09-01,2025-09-01T06:46:18.028975+02:00,2025-09-01T20:18:16.935761+02:00,2025-09-01 06:46:18.028975,2025-09-01 20:18:16.935761,2025-09-01 13:32:58,True
2025-09-02,2025-09-02T06:47:52.810700+02:00,2025-09-02T20:16:03.822536+02:00,2025-09-02 06:47:52.810700,2025-09-02 20:16:03.822536,2025-09-02 13:32:39,True
2025-09-03,2025-09-03T06:49:27.572800+02:00,2025-09-03T20:13:50.196650+02:00,2025-09-03 06:49:27.572800,2025-09-03 20:13:50.196650,2025-09-03 13:32:20,True
2025-09-04,2025-09-04T06:51:02.317361+02:00,2025-09-04T20:11:36.089688+02:00,2025-09-04 06:51:02.317361,2025-09-04 20:11:36.089688,2025-09-04 13:32:00,True
2025-09-05,2025-09-05T06:52:37.047308+02:00,2025-09-05T20:09:21.532886+02:00,2025-09-05 06:52:37.047308,2025-09-05 20:09:21.532886,2025-09-05 13:31:40,True
2025-09-06,2025-09-06T06:54:11.766367+02:00,2025-09-06T20:07:06.557151+02:00,2025-09-06 06:54:11.766367,2025-09-06 20:07:06.557151,2025-09-06 13:31:20,True
2025-09-07,2025-09-07T06:55:46.479022+02:00,2025-09-07T20:04:51.193086+02:00,2025-09-07 06:55:46.479022,2025-09-07 20:04:51.193086,2025-09-07 13:31:00,True
2025-09-08,2025-09-08T06:57:21.190468+02:00,2025-09-08T20:02:35.471014+02:00,2025-09-08 06:57:21.190468,2025-09-08 20:02:35.471014,2025-09-08 13:30:39,True
2025-09-09,2025-09-09T06:58:55.906575+02:00,2025-09-09T20:00:19.421004+02:00,2025-09-09 06:58:55.906575,2025-09-09 20:00:19.421004,2025-09-09 13:30:19,True
2025-09-10,2025-09-10T07:00:30.633841+02:00,2025-09-10T19:58:03.072890+02:00,2025-09-10 07:00:30.633841,2025-09-10 19:58:03.072890,2025-09-10 13:29:58,True
2025-09-11,2025-09-11T07:02:05.379357+02:00,2025-09-11T19:55:46.456304+02:00,2025-09-11 07:02:05.379357,2025-09-11 19:55:46.456304,2025-09-11 13:29:37,True
2025-09-12,2025-09-12T07:03:40.150758+02:00,2025-09-12T19:53:29.600695+02:00,2025-09-12 07:03:40.150758,2025-09-12 19:53:29.600695,2025-09-12 13:29:16,True
2025-09-13,2025-09-13T07:05:14.956191+02:00,2025-09-13T19:51:12.535360+02:00,2025-09-13 07:05:14.956191,2025-09-13 19:51:12.535360,2025-09-13 13:28:54,True
2025-09-14,2025-09-14T07:06:49.804269+02:00,2025-09-14T19:48:55.289466+02:00,2025-09-14 07:06:49.804269,2025-09-14 19:48:55.289466,2025-09-14 13:28:33,True
2025-09-15,2025-09-15T07:08:24.704035+02:00,2025-09-15T19:46:37.892076+02:00,2025-09-15 07:08:24.704035,2025-09-15 19:46:37.892076,2025-09-15 13:28:12,True
2025-09-16,2025-09-16T07:09:59.664917+02:00,2025-09-16T19:44:20.372179+02:00,2025-09-16 07:09:59.664917,2025-09-16 19:44:20.372179,2025-09-16 13:27:50,True
2025-09-17,2025-09-17T07:11:34.696695+02:00,2025-09-17T19:42:02.758712+02:00,2025-09-17 07:11:34.696695,2025-09-17 19:42:02.758712,2025-09-17 13:27:29,True
2025-09-18,2025-09-18T07:13:09.809455+02:00,2025-09-18T19:39:45.080589+02:00,2025-09-18 07:13:09.809455,2025-09-18 19:39:45.080589,2025-09-18 13:27:07,True
2025-09-19,2025-09-19T07:14:45.013552+02:00,2025-09-19T19:37:27.366726+02:00,2025-09-19 07:14:45.013552,2025-09-19 19:37:27.366726,2025-09-19 13:26:46,True
2025-09-20,2025-09-20T07:16:20.319568+02:00,2025-09-20T19:35:09.646066+02:00,2025-09-20 07:16:20.319568,2025-09-20 19:35:09.646066,2025-09-20 13:26:25,True
2025-09-21,2025-09-21T07:17:55.738276+02:00,2025-09-21T19:32:51.947609+02:00,2025-09-21 07:17:55.738276,2025-09-21 19:32:51.947609,2025-09-21 13:26:03,True
2025-09-22,2025-09-22T07:19:31.280593+02:00,2025-09-22T19:30:34.300434+02:00,2025-09-22 07:19:31.280593,2025-09-22 19:30:34.300434,2025-09-22 13:25:42,True
2025-09-23,2025-09-23T07:21:06.957542+02:00,2025-09-23T19:28:16.733726+02:00,2025-09-23 07:21:06.957542,2025-09-23 19:28:16.733726,2025-09-23 13:25:21,True
2025-09-24,2025-09-24T07:22:42.780210+02:00,2025-09-24T19:25:59.276801+02:00,2025-09-24 07:22:42.780210,2025-09-24 19:25:59.276801,2025-09-24 13:25:00,True
2025-09-25,2025-09-25T07:24:18.759706+02:00,2025-09-25T19:23:41.959134+02:00,2025-09-25 07:24:18.759706,2025-09-25 19:23:41.959134,2025-09-25 13:24:39,True
2025-09-26,2025-09-26T07:25:54.907116+02:00,2025-09-26T19:21:24.810378+02:00,2025-09-26 07:25:54.907116,2025-09-26 19:21:24.810378,2025-09-26 13:24:18,True
2025-09-27,2025-09-27T07:27:31.233460+02:00,2025-09-27T19:19:07.860396+02:00,2025-09-27 07:27:31.233460,2025-09-27 19:19:07.860396,2025-09-27 13:23:58,True
2025-09-28,2025-09-28T07:29:07.749649+02:00,2025-09-28T19:16:51.139278+02:00,2025-09-28 07:29:07.749649,2025-09-28 19:16:51.139278,2025-09-28 13:23:37,True
2025-09-29,2025-09-29T07:30:44.466435+02:00,2025-09-29T19:14:34.677370+02:00,2025-09-29 07:30:44.466435,2025-09-29 19:14:34.677370,2025-09-29 13:23:17,True
2025-09-30,2025-09-30T07:32:21.394369+02:00,2025-09-30T19:12:18.505294+02:00,2025-09-30 07:32:21.394369,2025-09-30 19:12:18.505294,2025-09-30 13:22:57,True
2025-10-01,2025-10-01T07:33:58.543750+02:00,2025-10-01T19:10:02.653974+02:00,2025-10-01 07:33:58.543750,2025-10-01 19:10:02.653974,2025-10-01 13:22:38,True
2025-10-02,2025-10-02T07:35:35.924575+02:00,2025-10-02T19:07:47.154654+02:00,2025-10-02 07:35:35.924575,2025-10-02 19:07:47.154654,2025-10-02 13:22:18,True
2025-10-03,2025-10-03T07:37:13.546492+02:00,2025-10-03T19:05:32.038924+02:00,2025-10-03 07:37:13.546492,2025-10-03 19:05:32.038924,2025-10-03 13:21:59,True
2025-10-04,2025-10-04T07:38:51.418748+02:00,2025-10-04T19:03:17.338738+02:00,2025-10-04 07:38:51.418748,2025-10-04 19:03:17.338738,2025-10-04 13:21:40,True
2025-10-05,2025-10-05T07:40:29.550134+02:00,2025-10-05T19:01:03.086439+02:00,2025-10-05 07:40:29.550134,2025-10-05 19:01:03.086439,2025-10-05 13:21:22,True
2025-10-06,2025-10-06T07:42:07.948931+02:00,2025-10-06T18:58:49.314774+02:00,2025-10-06 07:42:07.948931,2025-10-06 18:58:49.314774,2025-10-06 13:21:04,True
2025-10-07,2025-10-07T07:43:46.622859+02:00,2025-10-07T18:56:36.056917+02:00,2025-10-07 07:43:46.622859,2025-10-07 18:56:36.056917,2025-10-07 13:20:46,True
2025-10-08,2025-10-08T07:45:25.579015+02:00,2025-10-08T18:54:23.346484+02:00,2025-10-08 07:45:25.579015,2025-10-08 18:54:23.346484,2025-10-08 13:20:29,True
2025-10-09,2025-10-09T07:47:04.823816+02:00,2025-10-09T18:52:11.217559+02:00,2025-10-09 07:47:04.823816,2025-10-09 18:52:11.217559,2025-10-09 13:20:12,True
2025-10-10,2025-10-10T07:48:44.362943+02:00,2025-10-10T18:49:59.704703+02:00,2025-10-10 07:48:44.362943,2025-10-10 18:49:59.704703,2025-10-10 13:19:56,True
2025-10-11,2025-10-11T07:50:24.201276+02:00,2025-10-11T18:47:48.842976+02:00,2025-10-11 07:50:24.201276,2025-10-11 18:47:48.842976,2025-10-11 13:19:40,True
2025-10-12,2025-10-12T07:52:04.342834+02:00,2025-10-12T18:45:38.667951+02:00,2025-10-12 07:52:04.342834,2025-10-12 18:45:38.667951,2025-10-12 13:19:24,True
2025-10-13,2025-10-13T07:53:44.790712+02:00,2025-10-13T18:43:29.215732+02:00,2025-10-13 07:53:44.790712,2025-10-13 18:43:29.215732,2025-10-13 13:19:09,True
2025-10-14,2025-10-14T07:55:25.547017+02:00,2025-10-14T18:41:20.522966+02:00,2025-10-14 07:55:25.547017,2025-10-14 18:41:20.522966,2025-10-14 13:18:55,True
2025-10-15,2025-10-15T07:57:06.612798+02:00,2025-10-15T18:39:12.626861+02:00,2025-10-15 07:57:06.612798,2025-10-15 18:39:12.626861,2025-10-15 13:18:41,True
2025-10-16,2025-10-16T07:58:47.987986+02:00,2025-10-16T18:37:05.565193+02:00,2025-10-16 07:58:47.987986,2025-10-16 18:37:05.565193,2025-10-16 13:18:28,True
2025-10-17,2025-10-17T08:00:29.671323+02:00,2025-10-17T18:34:59.376327+02:00,2025-10-17 08:00:29.671323,2025-10-17 18:34:59.376327,2025-10-17 13:18:15,True
2025-10-18,2025-10-18T08:02:11.660293+02:00,2025-10-18T18:32:54.099222+02:00,2025-10-18 08:02:11.660293,2025-10-18 18:32:54.099222,2025-10-18 13:18:03,True
2025-10-19,2025-10-19T08:03:53.951055+02:00,2025-10-19T18:30:49.773444+02:00,2025-10-19 08:03:53.951055,2025-10-19 18:30:49.773444,2025-10-19 13:17:51,True
2025-10-20,2025-10-20T08:05:36.538374+02:00,2025-10-20T18:28:46.439180+02:00,2025-10-20 08:05:36.538374,2025-10-20 18:28:46.439180,2025-10-20 13:17:40,True
2025-10-21,2025-10-21T08:07:19.415549+02:00,2025-10-21T18:26:44.137240+02:00,2025-10-21 08:07:19.415549,2025-10-21 18:26:44.137240,2025-10-21 13:17:30,True
2025-10-22,2025-10-22T08:09:02.574343+02:00,2025-10-22T18:24:42.909071+02:00,2025-10-22 08:09:02.574343,2025-10-22 18:24:42.909071,2025-10-22 13:17:21,True
2025-10-23,2025-10-23T08:10:46.004917+02:00,2025-10-23T18:22:42.796761+02:00,2025-10-23 08:10:46.004917,2025-10-23 18:22:42.796761,2025-10-23 13:17:12,True
2025-10-24,2025-10-24T08:12:29.695757+02:00,2025-10-24T18:20:43.843050+02:00,2025-10-24 08:12:29.695757,2025-10-24 18:20:43.843050,2025-10-24 13:17:03,True
2025-10-25,2025-10-25T08:14:13.633607+02:00,2025-10-25T18:18:46.091325+02:00,2025-10-25 08:14:13.633607,2025-10-25 18:18:46.091325,2025-10-25 13:16:56,True
2025-10-26,2025-10-26T07:15:57.803398+01:00,2025-10-26T17:16:49.585636+01:00,2025-10-26 07:15:57.803398,2025-10-26 17:16:49.585636,2025-10-26 12:16:49,False
2025-10-27,2025-10-27T07:17:42.188188+01:00,2025-10-27T17:14:54.370687+01:00,2025-10-27 07:17:42.188188,2025-10-27 17:14:54.370687,2025-10-27 12:16:43,False
2025-10-28,2025-10-28T07:19:26.769087+01:00,2025-10-28T17:13:00.491845+01:00,2025-10-28 07:19:26.769087,2025-10-28 17:13:00.491845,2025-10-28 12:16:38,False
2025-10-29,2025-10-29T07:21:11.525201+01:00,2025-10-29T17:11:07.995135+01:00,2025-10-29 07:21:11.525201,2025-10-29 17:11:07.995135,2025-10-29 12:16:33,False
2025-10-30,2025-10-30T07:22:56.433567+01:00,2025-10-30T17:09:16.927236+01:00,2025-10-30 07:22:56.433567,2025-10-30 17:09:16.927236,2025-10-30 12:16:30,False
2025-10-31,2025-10-31T07:24:41.469095+01:00,2025-10-31T17:07:27.335481+01:00,2025-10-31 07:24:41.469095,2025-10-31 17:07:27.335481,2025-10-31 12:16:27,False
2025-11-01,2025-11-01T07:26:26.604511+01:00,2025-11-01T17:05:39.267845+01:00,2025-11-01 07:26:26.604511,2025-11-01 17:05:39.267845,2025-11-01 12:16:25,False
2025-11-02,2025-11-02T07:28:11.810306+01:00,2025-11-02T17:03:52.772940+01:00,2025-11-02 07:28:11.810306,2025-11-02 17:03:52.772940,2025-11-02 12:16:23,False
2025-11-03,2025-11-03T07:29:57.054685+01:00,2025-11-03T17:02:07.900001+01:00,2025-11-03 07:29:57.054685,2025-11-03 17:02:07.900001,2025-11-03 12:16:23,False
2025-11-04,2025-11-04T07:31:42.303522+01:00,2025-11-04T17:00:24.698873+01:00,2025-11-04 07:31:42.303522,2025-11-04 17:00:24.698873,2025-11-04 12:16:23,False
2025-11-05,2025-11-05T07:33:27.520321+01:00,2025-11-05T16:58:43.219989+01:00,2025-11-05 07:33:27.520321,2025-11-05 16:58:43.219989,2025-11-05 12:16:24,False
2025-11-06,2025-11-06T07:35:12.666182+01:00,2025-11-06T16:57:03.514359+01:00,2025-11-06 07:35:12.666182,2025-11-06 16:57:03.514359,2025-11-06 12:16:26,False
2025-11-07,2025-11-07T07:36:57.699768+01:00,2025-11-07T16:55:25.633533+01:00,2025-11-07 07:36:57.699768,2025-11-07 16:55:25.633533,2025-11-07 12:16:29,False
2025-11-08,2025-11-08T07:38:42.577286+01:00,2025-11-08T16:53:49.629585+01:00,2025-11-08 07:38:42.577286,2025-11-08 16:53:49.629585,2025-11-08 12:16:33,False
2025-11-09,2025-11-09T07:40:27.252468+01:00,2025-11-09T16:52:15.555072+01:00,2025-11-09 07:40:27.252468,2025-11-09 16:52:15.555072,2025-11-09 12:16:37,False
2025-11-10,2025-11-10T07:42:11.676560+01:00,2025-11-10T16:50:43.463002+01:00,2025-11-10 07:42:11.676560,2025-11-10 16:50:43.463002,2025-11-10 12:16:43,False
2025-11-11,2025-11-11T07:43:55.798327+01:00,2025-11-11T16:49:13.406792+01:00,2025-11-11 07:43:55.798327,2025-11-11 16:49:13.406792,2025-11-11 12:16:49,False
2025-11-12,2025-11-12T07:45:39.564050+01:00,2025-11-12T16:47:45.440219+01:00,2025-11-12 07:45:39.564050,2025-11-12 16:47:45.440219,2025-11-12 12:16:56,False
2025-11-13,2025-11-13T07:47:22.917550+01:00,2025-11-13T16:46:19.617373+01:00,2025-11-13 07:47:22.917550,2025-11-13 16:46:19.617373,2025-11-13 12:17:04,False
2025-11-14,2025-11-14T07:49:05.800208+01:00,2025-11-14T16:44:55.992593+01:00,2025-11-14 07:49:05.800208,2025-11-14 16:44:55.992593,2025-11-14 12:17:13,False
2025-11-15,2025-11-15T07:50:48.151002+01:00,2025-11-15T16:43:34.620410+01:00,2025-11-15 07:50:48.151002,2025-11-15 16:43:34.620410,2025-11-15 12:17:23,False
2025-11-16,2025-11-16T07:52:29.906549+01:00,2025-11-16T16:42:15.555474+01:00,2025-11-16 07:52:29.906549,2025-11-16 16:42:15.555474,2025-11-16 12:17:34,False
2025-11-17,2025-11-17T07:54:11.001162+01:00,2025-11-17T16:40:58.852477+01:00,2025-11-17 07:54:11.001162,2025-11-17 16:40:58.852477,2025-11-17 12:17:45,False
2025-11-18,2025-11-18T07:55:51.366919+01:00,2025-11-18T16:39:44.566070+01:00,2025-11-18 07:55:51.366919,2025-11-18 16:39:44.566070,2025-11-18 12:17:57,False
2025-11-19,2025-11-19T07:57:30.933735+01:00,2025-11-19T16:38:32.750777+01:00,2025-11-19 07:57:30.933735,2025-11-19 16:38:32.750777,2025-11-19 12:18:10,False
2025-11-20,2025-11-20T07:59:09.629457+01:00,2025-11-20T16:37:23.460891+01:00,2025-11-20 07:59:09.629457,2025-11-20 16:37:23.460891,2025-11-20 12:18:24,False
2025-11-21,2025-11-21T08:00:47.379966+01:00,2025-11-21T16:36:16.750373+01:00,2025-11-21 08:00:47.379966,2025-11-21 16:36:16.750373,2025-11-21 12:18:39,False
2025-11-22,2025-11-22T08:02:24.109285+01:00,2025-11-22T16:35:12.672738+01:00,2025-11-22 08:02:24.109285,2025-11-22 16:35:12.672738,2025-11-22 12:18:54,False
2025-11-23,2025-11-23T08:03:59.739713+01:00,2025-11-23T16:34:11.280937+01:00,2025-11-23 08:03:59.739713,2025-11-23 16:34:11.280937,2025-11-23 12:19:11,False
2025-11-24,2025-11-24T08:05:34.191960+01:00,2025-11-24T16:33:12.627230+01:00,2025-11-24 08:05:34.191960,2025-11-24 16:33:12.627230,2025-11-24 12:19:28,False
2025-11-25,2025-11-25T08:07:07.385296+01:00,2025-11-25T16:32:16.763047+01:00,2025-11-25 08:07:07.385296,2025-11-25 16:32:16.763047,2025-11-25 12:19:46,False
2025-11-26,2025-11-26T08:08:39.237720+01:00,2025-11-26T16:31:23.738851+01:00,2025-11-26 08:08:39.237720,2025-11-26 16:31:23.738851,2025-11-26 12:20:04,False
2025-11-27,2025-11-27T08:10:09.666130+01:00,2025-11-27T16:30:33.603988+01:00,2025-11-27 08:10:09.666130,2025-11-27 16:30:33.603988,2025-11-27 12:20:24,False
2025-11-28,2025-11-28T08:11:38.586512+01:00,2025-11-28T16:29:46.406530+01:00,2025-11-28 08:11:38.586512,2025-11-28 16:29:46.406530,2025-11-28 12:20:44,False
2025-11-29,2025-11-29T08:13:05.914139+01:00,2025-11-29T16:29:02.193117+01:00,2025-11-29 08:13:05.914139,2025-11-29 16:29:02.193117,2025-11-29 12:21:05,False
2025-11-30,2025-11-30T08:14:31.563776+01:00,2025-11-30T16:28:21.008788+01:00,2025-11-30 08:14:31.563776,2025-11-30 16:28:21.008788,2025-11-30 12:21:26,False
2025-12-01,2025-12-01T08:15:55.449900+01:00,2025-12-01T16:27:42.896810+01:00,2025-12-01 08:15:55.449900,2025-12-01 16:27:42.896810,2025-12-01 12:21:48,False
2025-12-02,2025-12-02T08:17:17.486927+01:00,2025-12-02T16:27:07.898504+01:00,2025-12-02 08:17:17.486927,2025-12-02 16:27:07.898504,2025-12-02 12:22:11,False
2025-12-03,2025-12-03T08:18:37.589446+01:00,2025-12-03T16:26:36.053068+01:00,2025-12-03 08:18:37.589446,2025-12-03 16:26:36.053068,2025-12-03 12:22:34,False
2025-12-04,2025-12-04T08:19:55.672461+01:00,2025-12-04T16:26:07.397392+01:00,2025-12-04 08:19:55.672461,2025-12-04 16:26:07.397392,2025-12-04 12:22:58,False
2025-12-05,2025-12-05T08:21:11.651635+01:00,2025-12-05T16:25:41.965883+01:00,2025-12-05 08:21:11.651635,2025-12-05 16:25:41.965883,2025-12-05 12:23:23,False
2025-12-06,2025-12-06T08:22:25.443545+01:00,2025-12-06T16:25:19.790282+01:00,2025-12-06 08:22:25.443545,2025-12-06 16:25:19.790282,2025-12-06 12:23:48,False
2025-12-07,2025-12-07T08:23:36.965931+01:00,2025-12-07T16:25:00.899486+01:00,2025-12-07 08:23:36.965931,2025-12-07 16:25:00.899486,2025-12-07 12:24:13,False
2025-12-08,2025-12-08T08:24:46.137955+01:00,2025-12-08T16:24:45.319371+01:00,2025-12-08 08:24:46.137955,2025-12-08 16:24:45.319371,2025-12-08 12:24:40,False
2025-12-09,2025-12-09T08:25:52.880451+01:00,2025-12-09T16:24:33.072621+01:00,2025-12-09 08:25:52.880451,2025-12-09 16:24:33.072621,2025-12-09 12:25:06,False
2025-12-10,2025-12-10T08:26:57.116179+01:00,2025-12-10T16:24:24.178568+01:00,2025-12-10 08:26:57.116179,2025-12-10 16:24:24.178568,2025-12-10 12:25:33,False
2025-12-11,2025-12-11T08:27:58.770073+01:00,2025-12-11T16:24:18.653030+01:00,2025-12-11 08:27:58.770073,2025-12-11 16:24:18.653030,2025-12-11 12:26:00,False
2025-12-12,2025-12-12T08:28:57.769481+01:00,2025-12-12T16:24:16.508163+01:00,2025-12-12 08:28:57.769481,2025-12-12 16:24:16.508163,2025-12-12 12:26:28,False
2025-12-13,2025-12-13T08:29:54.044399+01:00,2025-12-13T16:24:17.752327+01:00,2025-12-13 08:29:54.044399,2025-12-13 16:24:17.752327,2025-12-13 12:26:56,False
2025-12-14,2025-12-14T08:30:47.527700+01:00,2025-12-14T16:24:22.389959+01:00,2025-12-14 08:30:47.527700,2025-12-14 16:24:22.389959,2025-12-14 12:27:25,False
2025-12-15,2025-12-15T08:31:38.155343+01:00,2025-12-15T16:24:30.421466+01:00,2025-12-15 08:31:38.155343,2025-12-15 16:24:30.421466,2025-12-15 12:27:53,False
2025-12-16,2025-12-16T08:32:25.866578+01:00,2025-12-16T16:24:41.843121+01:00,2025-12-16 08:32:25.866578,2025-12-16 16:24:41.843121,2025-12-16 12:28:22,False
2025-12-17,2025-12-17T08:33:10.604130+01:00,2025-12-17T16:24:56.646991+01:00,2025-12-17 08:33:10.604130,2025-12-17 16:24:56.646991,2025-12-17 12:28:51,False
2025-12-18,2025-12-18T08:33:52.314374+01:00,2025-12-18T16:25:14.820873+01:00,2025-12-18 08:33:52.314374,2025-12-18 16:25:14.820873,2025-12-18 12:29:21,False
2025-12-19,2025-12-19T08:34:30.947486+01:00,2025-12-19T16:25:36.348249+01:00,2025-12-19 08:34:30.947486,2025-12-19 16:25:36.348249,2025-12-19 12:29:50,False
2025-12-20,2025-12-20T08:35:06.457582+01:00,2025-12-20T16:26:01.208261+01:00,2025-12-20 08:35:06.457582,2025-12-20 16:26:01.208261,2025-12-20 12:30:20,False
2025-12-21,2025-12-21T08:35:38.802833+01:00,2025-12-21T16:26:29.375714+01:00,2025-12-21 08:35:38.802833,2025-12-21 16:26:29.375714,2025-12-21 12:30:49,False
2025-12-22,2025-12-22T08:36:07.945564+01:00,2025-12-22T16:27:00.821081+01:00,2025-12-22 08:36:07.945564,2025-12-22 16:27:00.821081,2025-12-22 12:31:19,False
2025-12-23,2025-12-23T08:36:33.852334+01:00,2025-12-23T16:27:35.510553+01:00,2025-12-23 08:36:33.852334,2025-12-23 16:27:35.510553,2025-12-23 12:31:49,False
2025-12-24,2025-12-24T08:36:56.493985+01:00,2025-12-24T16:28:13.406087+01:00,2025-12-24 08:36:56.493985,2025-12-24 16:28:13.406087,2025-12-24 12:32:19,False
2025-12-25,2025-12-25T08:37:15.845684+01:00,2025-12-25T16:28:54.465491+01:00,2025-12-25 08:37:15.845684,2025-12-25 16:28:54.465491,2025-12-25 12:32:48,False
2025-12-26,2025-12-26T08:37:31.886938+01:00,2025-12-26T16:29:38.642518+01:00,2025-12-26 08:37:31.886938,2025-12-26 16:29:38.642518,2025-12-26 12:33:18,False
2025-12-27,2025-12-27T08:37:44.601581+01:00,2025-12-27T16:30:25.886991+01:00,2025-12-27 08:37:44.601581,2025-12-27 16:30:25.886991,2025-12-27 12:33:47,False
2025-12-28,2025-12-28T08:37:53.977758+01:00,2025-12-28T16:31:16.144937+01:00,2025-12-28 08:37:53.977758,2025-12-28 16:31:16.144937,2025-12-28 12:34:17,False
2025-12-29,2025-12-29T08:38:00.007872+01:00,2025-12-29T16:32:09.358742+01:00,2025-12-29 08:38:00.007872,2025-12-29 16:32:09.358742,2025-12-29 12:34:46,False
2025-12-30,2025-12-30T08:38:02.688524+01:00,2025-12-30T16:33:05.467325+01:00,2025-12-30 08:38:02.688524,2025-12-30 16:33:05.467325,2025-12-30 12:35:15,False
2025-12-31,2025-12-31T08:38:02.020431+01:00,2025-12-31T16:34:04.406326+01:00,2025-12-31 08:38:02.020431,2025-12-31 16:34:04.406326,2025-12-31 12:35:44,False
